PROJETOS,CONSULTOR,Senioridade
PROJETO_01,FSIM,Expert
PROJETO_01,IFGO,Estagiário
PROJETO_01,JVM6,Sênior
PROJETO_01,WPDM,Expert
PROJETO_01,LFED2,Pleno
PROJETO_01,BMIR,Sênior
PROJETO_01,JAMJ,Sênior
PROJETO_01,JDEF,Pleno
PROJETO_01,LGOM2,Expert
PROJETO_01,T3LSC2,Sênior
PROJETO_01,VLU,Sênior
PROJETO_01,AZBU,Expert
PROJETO_01,EDSênior,Pleno
PROJETO_01,PMSN,Pleno
PROJETO_01,RNME,Sênior
PROJETO_01,T3FJSênior,Pleno
PROJETO_01,RTEC,Sênior
PROJETO_01,T3JSM6,Sênior
PROJETO_01,T3TDAS,Sênior
PROJETO_01,ARDA2,Pleno
PROJETO_01,ASGN,Sênior
PROJETO_01,CJDA,Júnior
PROJETO_01,CRSI,Júnior
PROJETO_01,DDAS,Júnior
PROJETO_01,FANT,Júnior
PROJETO_01,GLEO,Sênior
PROJETO_01,GRIA,Júnior
PROJETO_01,GROD1,Júnior
PROJETO_01,GUSB,Estagiário
PROJETO_01,JNIS,Pleno
PROJETO_01,MAPC5,Sênior
PROJETO_01,MTTA,Sênior
PROJETO_01,PMSC,Sênior
PROJETO_01,RDRB,Sênior
PROJETO_01,RRLV,Pleno
PROJETO_01,RRO1,Sênior
PROJETO_01,ESCM,Sênior
PROJETO_01,JOJC,Sênior
PROJETO_01,MGRK,Sênior
PROJETO_01,MIDS,Júnior
PROJETO_01,WJMS,Pleno
PROJETO_01,CTT,Sênior
PROJETO_01,T3MSQ1,Sênior
PROJETO_01,TSIA,Sênior
PROJETO_01,LFRO1,Sênior
PROJETO_01,PCSF,Sênior
PROJETO_01,SMMT,Sênior
PROJETO_02,ARDA2,Pleno
PROJETO_02,AZBU,Expert
PROJETO_02,BMIR,Sênior
PROJETO_02,CRSI,Júnior
PROJETO_02,DDAS,Júnior
PROJETO_02,EDSênior,Pleno
PROJETO_02,GLEO,Sênior
PROJETO_02,GLO,Pleno
PROJETO_02,GRIA,Júnior
PROJETO_02,GROD1,Júnior
PROJETO_02,GUSB,Estagiário
PROJETO_02,IFGO,Estagiário
PROJETO_02,JAMJ,Sênior
PROJETO_02,JDEF,Pleno
PROJETO_02,JMAP3,Pleno
PROJETO_02,JNIS,Pleno
PROJETO_02,JVF,Sênior
PROJETO_02,LAS,Expert
PROJETO_02,LFED2,Pleno
PROJETO_02,LFRO1,Sênior
PROJETO_02,LGOM2,Expert
PROJETO_02,MDSC,Pleno
PROJETO_02,MES1,Sênior
PROJETO_02,MTTA,Sênior
PROJETO_02,OTMD,Júnior
PROJETO_02,PFRN1,Júnior
PROJETO_02,PMSC,Sênior
PROJETO_02,PMSN,Pleno
PROJETO_02,RBR1,Estagiário
PROJETO_02,RDRB,Sênior
PROJETO_02,RKEN,Júnior
PROJETO_02,RNME,Sênior
PROJETO_02,RRLV,Pleno
PROJETO_02,RRO1,Sênior
PROJETO_02,RTEC,Sênior
PROJETO_02,SMMT,Sênior
PROJETO_02,SVAS,Expert
PROJETO_02,T3ASC4,Expert
PROJETO_02,T3CIBM,Sênior
PROJETO_02,T3JFBD,Sênior
PROJETO_02,T3JSM6,Sênior
PROJETO_02,T3LSC2,Sênior
PROJETO_02,T3MSQ1,Sênior
PROJETO_02,T3TDAS,Sênior
PROJETO_02,T3TLGR,Pleno
PROJETO_02,TSIA,Sênior
PROJETO_02,VLU,Sênior
PROJETO_02,WPDM,Expert
